{"cameraMode":{"drawMode":0,"name":"Shaded","section":"Shading Mode"},"sceneLighting":false,"audioPlay":false,"sceneViewState":{"showFog":true,"showMaterialUpdate":true,"showSkybox":false,"showFlares":true,"showImageEffects":true,"showParticleSystems":true},"in2DMode":false,"pivot":{"x":0.3992941975593567,"y":0.27642831206321719,"z":1.1620842218399048},"rotation":{"x":-0.23034977912902833,"y":0.7537506222724915,"z":-0.3368648290634155,"w":-0.5153211951255798},"size":0.06882146000862122,"orthographic":false}