{"cameraMode":{"drawMode":0,"name":"Shaded","section":"Shading Mode"},"sceneLighting":false,"audioPlay":false,"sceneViewState":{"showFog":true,"showMaterialUpdate":false,"showSkybox":true,"showFlares":true,"showImageEffects":true,"showParticleSystems":true},"in2DMode":false,"pivot":{"x":-1.3174636363983155,"y":0.6153427362442017,"z":2.648846387863159},"rotation":{"x":0.006740337237715721,"y":0.9972549080848694,"z":0.04020358622074127,"w":0.06227045878767967},"size":0.45699042081832888,"orthographic":false}