{"cameraMode":{"drawMode":0,"name":"Shaded","section":"Shading Mode"},"sceneLighting":false,"audioPlay":false,"sceneViewState":{"showFog":true,"showMaterialUpdate":true,"showSkybox":false,"showFlares":true,"showImageEffects":true,"showParticleSystems":true},"in2DMode":false,"pivot":{"x":-0.21410344541072846,"y":-0.03975556418299675,"z":-0.19950662553310395},"rotation":{"x":-0.0050325240008533,"y":0.6177204251289368,"z":-0.0030018724501132967,"w":-0.7867831587791443},"size":0.25495097041130068,"orthographic":false}