{"cameraMode":{"drawMode":0,"name":"Shaded","section":"Shading Mode"},"sceneLighting":false,"audioPlay":false,"sceneViewState":{"showFog":true,"showMaterialUpdate":true,"showSkybox":false,"showFlares":true,"showImageEffects":true,"showParticleSystems":true},"in2DMode":false,"pivot":{"x":0.2286650389432907,"y":0.06770093739032746,"z":0.7803217768669128},"rotation":{"x":-0.015904564410448076,"y":0.01102164015173912,"z":0.012433591298758984,"w":1.0001246929168702},"size":0.5722761154174805,"orthographic":false}