{"cameraMode":{"drawMode":0,"name":"Shaded","section":"Shading Mode"},"sceneLighting":false,"audioPlay":false,"sceneViewState":{"showFog":true,"showMaterialUpdate":true,"showSkybox":false,"showFlares":true,"showImageEffects":true,"showParticleSystems":true},"in2DMode":false,"pivot":{"x":-0.04604966565966606,"y":0.05120411887764931,"z":-0.003604508936405182},"rotation":{"x":-0.14085054397583009,"y":0.7683367133140564,"z":-0.18091610074043275,"w":-0.5977671146392822},"size":0.061735209077596667,"orthographic":false}