{"cameraMode":{"drawMode":0,"name":"Shaded","section":"Shading Mode"},"sceneLighting":false,"audioPlay":false,"sceneViewState":{"showFog":true,"showMaterialUpdate":true,"showSkybox":true,"showFlares":true,"showImageEffects":true,"showParticleSystems":true},"in2DMode":false,"pivot":{"x":-1.317840814590454,"y":1.199066162109375,"z":17.430450439453126},"rotation":{"x":0.04363244026899338,"y":0.03704112023115158,"z":0.0024505245964974167,"w":-0.9987778067588806},"size":10.0,"orthographic":false}