{"cameraMode":{"drawMode":0,"name":"Shaded","section":"Shading Mode"},"sceneLighting":false,"audioPlay":false,"sceneViewState":{"showFog":true,"showMaterialUpdate":true,"showSkybox":false,"showFlares":true,"showImageEffects":true,"showParticleSystems":true},"in2DMode":false,"pivot":{"x":0.1407298445701599,"y":0.42295175790786745,"z":-6.381163597106934},"rotation":{"x":-0.06503104418516159,"y":0.21774321794509889,"z":-0.02720688469707966,"w":-0.9736234545707703},"size":0.10232573747634888,"orthographic":false}