{"cameraMode":{"drawMode":0,"name":"Shaded","section":"Shading Mode"},"sceneLighting":false,"audioPlay":false,"sceneViewState":{"showFog":true,"showMaterialUpdate":true,"showSkybox":false,"showFlares":true,"showImageEffects":true,"showParticleSystems":true},"in2DMode":false,"pivot":{"x":-6.668614387512207,"y":-3.2764244079589845,"z":17.71390151977539},"rotation":{"x":-0.11076401174068451,"y":0.20167534053325654,"z":-0.035646453499794009,"w":-0.9726830720901489},"size":10.0,"orthographic":false}