{"cameraMode":{"drawMode":0,"name":"Shaded","section":"Shading Mode"},"sceneLighting":false,"audioPlay":false,"sceneViewState":{"showFog":true,"showMaterialUpdate":true,"showSkybox":false,"showFlares":true,"showImageEffects":true,"showParticleSystems":true},"in2DMode":false,"pivot":{"x":0.34463828802108767,"y":0.20567724108695985,"z":-0.0727652907371521},"rotation":{"x":-0.33060821890830996,"y":0.09400684386491776,"z":0.04626498371362686,"w":0.9383476376533508},"size":0.1788952797651291,"orthographic":false}