{"cameraMode":{"drawMode":0,"name":"Shaded","section":"Shading Mode"},"sceneLighting":false,"audioPlay":false,"sceneViewState":{"showFog":true,"showMaterialUpdate":true,"showSkybox":true,"showFlares":true,"showImageEffects":true,"showParticleSystems":true},"in2DMode":false,"pivot":{"x":-3.9475486278533937,"y":-0.13287460803985597,"z":16.566112518310548},"rotation":{"x":-0.00736376503482461,"y":0.11639417707920075,"z":-0.000003851392648357432,"w":-0.9936032295227051},"size":10.0,"orthographic":false}