{"cameraMode":{"drawMode":0,"name":"Shaded","section":"Shading Mode"},"sceneLighting":false,"audioPlay":false,"sceneViewState":{"showFog":true,"showMaterialUpdate":true,"showSkybox":true,"showFlares":true,"showImageEffects":true,"showParticleSystems":true},"in2DMode":false,"pivot":{"x":-0.6430398225784302,"y":-2.262152910232544,"z":19.106475830078126},"rotation":{"x":-0.05980636924505234,"y":0.0116400346159935,"z":0.0001462457439629361,"w":-0.998563826084137},"size":10.0,"orthographic":false}