{"cameraMode":{"drawMode":0,"name":"Shaded","section":"Shading Mode"},"sceneLighting":false,"audioPlay":false,"sceneViewState":{"showFog":true,"showMaterialUpdate":true,"showSkybox":true,"showFlares":true,"showImageEffects":true,"showParticleSystems":true},"in2DMode":false,"pivot":{"x":-0.7562650442123413,"y":-1.2082706689834595,"z":16.99445915222168},"rotation":{"x":-0.03582790121436119,"y":0.031124653294682504,"z":-0.00025920633925125003,"w":-0.9992963671684265},"size":10.0,"orthographic":false}