{"cameraMode":{"drawMode":0,"name":"Shaded","section":"Shading Mode"},"sceneLighting":false,"audioPlay":false,"sceneViewState":{"showFog":true,"showMaterialUpdate":true,"showSkybox":false,"showFlares":true,"showImageEffects":true,"showParticleSystems":true},"in2DMode":false,"pivot":{"x":0.000014960765838623047,"y":0.042471885681152347,"z":-0.008162692189216614},"rotation":{"x":0.0028127385303378107,"y":0.965245246887207,"z":-0.2612358629703522,"w":0.010428326204419136},"size":0.22677937150001527,"orthographic":false}