{"cameraMode":{"drawMode":0,"name":"Shaded","section":"Shading Mode"},"sceneLighting":false,"audioPlay":false,"sceneViewState":{"showFog":true,"showMaterialUpdate":true,"showSkybox":true,"showFlares":true,"showImageEffects":true,"showParticleSystems":true},"in2DMode":false,"pivot":{"x":1.4033223390579224,"y":0.1543511599302292,"z":1.8464465141296387},"rotation":{"x":-0.004271828569471836,"y":0.9904463291168213,"z":-0.031516216695308688,"w":-0.13422490656375886},"size":0.45436346530914309,"orthographic":false}