{"cameraMode":{"drawMode":0,"name":"Shaded","section":"Shading Mode"},"sceneLighting":false,"audioPlay":false,"sceneViewState":{"showFog":true,"showMaterialUpdate":true,"showSkybox":false,"showFlares":true,"showImageEffects":true,"showParticleSystems":true},"in2DMode":false,"pivot":{"x":-0.6727551817893982,"y":0.5659744739532471,"z":0.5546141266822815},"rotation":{"x":-0.00991975050419569,"y":0.009588487446308136,"z":0.012568299658596516,"w":1.0001251697540284},"size":0.01415097713470459,"orthographic":false}