{"cameraMode":{"drawMode":0,"name":"Shaded","section":"Shading Mode"},"sceneLighting":false,"audioPlay":false,"sceneViewState":{"showFog":true,"showMaterialUpdate":true,"showSkybox":false,"showFlares":true,"showImageEffects":true,"showParticleSystems":true},"in2DMode":false,"pivot":{"x":-0.5184000134468079,"y":0.23690000176429749,"z":0.9010000228881836},"rotation":{"x":-0.11076401174068451,"y":0.20167534053325654,"z":-0.035646453499794009,"w":-0.9726830720901489},"size":0.09424041956663132,"orthographic":false}